ident,jp_name
KATL,ハーツフィールド・ジャクソン・アトランタ国際空港
KDCA,ロナルド・レーガン・ワシントン・ナショナル空港
KDEN,デンバー国際空港
KDFW,デンバー国際空港
KEWR,ニューアーク・リバティー国際空港
KFLL,フォートローダーデール・ハリウッド国際空港
KJFK,ジョン・F・ケネディ国際空港
KLAS,マッカラン国際空港
KLAX,ロサンゼルス国際空港
KLGA,ラガーディア空港
KMCO,オーランド国際空港
KMIA,マイアミ国際空港
KMSP,ミネアポリス・セントポール国際空港
KORD,シカゴ・オヘア国際空港
KPHL,フィラデルフィア国際空港
KPHX,フェニックス・スカイハーバー国際空港
KSAN,サンディエゴ国際空港
KSEA,シアトル・タコマ国際空港
KSFO,サンフランシスコ国際空港
KSLC,ソルトレイクシティ国際空港
KTPA,タンパ国際空港
